"ref:1,data:<__main__.dataFeed object at 0x0000024A510DC240>,tradeid:0,size:0,price:8.317,value:0.0,commission:0.0,pnl:-0.5799999999999983,pnlcomm:-0.5799999999999983,justopened:False,isopen:False,isclosed:True,baropen:25,dtopen:736330.25,barclose:54,dtclose:736330.5520833334,barlen:29,historyon:False,history:[],status:2"
"ref:2,data:<__main__.dataFeed object at 0x0000024A510DC240>,tradeid:0,size:0,price:8.301,value:0.0,commission:0.0,pnl:0.0,pnlcomm:0.0,justopened:False,isopen:False,isclosed:True,baropen:70,dtopen:736330.71875,barclose:82,dtclose:736330.84375,barlen:12,historyon:False,history:[],status:2"
"ref:3,data:<__main__.dataFeed object at 0x0000024A510DC240>,tradeid:0,size:0,price:8.15,value:0.0,commission:0.0,pnl:0.259999999999998,pnlcomm:0.259999999999998,justopened:False,isopen:False,isclosed:True,baropen:84,dtopen:736330.8645833334,barclose:107,dtclose:736331.1041666666,barlen:23,historyon:False,history:[],status:2"
"ref:4,data:<__main__.dataFeed object at 0x0000024A510DC240>,tradeid:0,size:0,price:8.109,value:0.0,commission:0.0,pnl:0.7499999999999929,pnlcomm:0.7499999999999929,justopened:False,isopen:False,isclosed:True,baropen:111,dtopen:736331.1458333334,barclose:126,dtclose:736331.3020833334,barlen:15,historyon:False,history:[],status:2"
"ref:5,data:<__main__.dataFeed object at 0x0000024A510DC240>,tradeid:0,size:0,price:8.223,value:0.0,commission:0.0,pnl:-0.36000000000001364,pnlcomm:-0.36000000000001364,justopened:False,isopen:False,isclosed:True,baropen:128,dtopen:736331.3229166666,barclose:133,dtclose:736331.375,barlen:5,historyon:False,history:[],status:2"
"ref:6,data:<__main__.dataFeed object at 0x0000024A510DC240>,tradeid:0,size:0,price:8.18,value:0.0,commission:0.0,pnl:0.9500000000000064,pnlcomm:0.9500000000000064,justopened:False,isopen:False,isclosed:True,baropen:140,dtopen:736331.4479166666,barclose:160,dtclose:736331.65625,barlen:20,historyon:False,history:[],status:2"
"ref:7,data:<__main__.dataFeed object at 0x0000024A510DC240>,tradeid:0,size:0,price:8.392,value:0.0,commission:0.0,pnl:-0.060000000000002274,pnlcomm:-0.060000000000002274,justopened:False,isopen:False,isclosed:True,baropen:175,dtopen:736331.8125,barclose:216,dtclose:736332.2395833334,barlen:41,historyon:False,history:[],status:2"
"ref:8,data:<__main__.dataFeed object at 0x0000024A510DC240>,tradeid:0,size:0,price:8.47,value:0.0,commission:0.0,pnl:0.07999999999999119,pnlcomm:0.07999999999999119,justopened:False,isopen:False,isclosed:True,baropen:235,dtopen:736332.4375,barclose:240,dtclose:736332.4895833334,barlen:5,historyon:False,history:[],status:2"
"ref:9,data:<__main__.dataFeed object at 0x0000024A510DC240>,tradeid:0,size:0,price:9.55,value:0.0,commission:0.0,pnl:1.0299999999999976,pnlcomm:1.0299999999999976,justopened:False,isopen:False,isclosed:True,baropen:278,dtopen:736332.8854166666,barclose:289,dtclose:736333.0,barlen:11,historyon:False,history:[],status:2"
"ref:10,data:<__main__.dataFeed object at 0x0000024A510DC240>,tradeid:0,size:0,price:9.595,value:0.0,commission:0.0,pnl:3.1899999999999906,pnlcomm:3.1899999999999906,justopened:False,isopen:False,isclosed:True,baropen:291,dtopen:736333.0208333334,barclose:300,dtclose:736333.1145833334,barlen:9,historyon:False,history:[],status:2"
"ref:11,data:<__main__.dataFeed object at 0x0000024A510DC240>,tradeid:0,size:0,price:10.35,value:0.0,commission:0.0,pnl:2.6900000000000013,pnlcomm:2.6900000000000013,justopened:False,isopen:False,isclosed:True,baropen:315,dtopen:736333.2708333334,barclose:326,dtclose:736333.3854166666,barlen:11,historyon:False,history:[],status:2"
"ref:12,data:<__main__.dataFeed object at 0x0000024A510DC240>,tradeid:0,size:0,price:10.629,value:0.0,commission:0.0,pnl:0.6099999999999994,pnlcomm:0.6099999999999994,justopened:False,isopen:False,isclosed:True,baropen:338,dtopen:736333.5104166666,barclose:359,dtclose:736333.7291666666,barlen:21,historyon:False,history:[],status:2"
"ref:13,data:<__main__.dataFeed object at 0x0000024A510DC240>,tradeid:0,size:0,price:10.7,value:0.0,commission:0.0,pnl:3.730000000000011,pnlcomm:3.730000000000011,justopened:False,isopen:False,isclosed:True,baropen:373,dtopen:736333.875,barclose:384,dtclose:736333.9895833334,barlen:11,historyon:False,history:[],status:2"
"ref:14,data:<__main__.dataFeed object at 0x0000024A510DC240>,tradeid:0,size:0,price:11.337,value:0.0,commission:0.0,pnl:2.3499999999999943,pnlcomm:2.3499999999999943,justopened:False,isopen:False,isclosed:True,baropen:403,dtopen:736334.1875,barclose:407,dtclose:736334.2291666666,barlen:4,historyon:False,history:[],status:2"
"ref:15,data:<__main__.dataFeed object at 0x0000024A510DC240>,tradeid:0,size:0,price:11.28,value:0.0,commission:0.0,pnl:-11.29999999999999,pnlcomm:-11.29999999999999,justopened:False,isopen:False,isclosed:True,baropen:417,dtopen:736334.3333333334,barclose:449,dtclose:736334.6666666666,barlen:32,historyon:False,history:[],status:2"
"ref:16,data:<__main__.dataFeed object at 0x0000024A510DC240>,tradeid:0,size:0,price:10.009,value:0.0,commission:0.0,pnl:0.6599999999999895,pnlcomm:0.6599999999999895,justopened:False,isopen:False,isclosed:True,baropen:460,dtopen:736334.78125,barclose:475,dtclose:736334.9375,barlen:15,historyon:False,history:[],status:2"
"ref:17,data:<__main__.dataFeed object at 0x0000024A510DC240>,tradeid:0,size:0,price:10.0,value:0.0,commission:0.0,pnl:1.9299999999999962,pnlcomm:1.9299999999999962,justopened:False,isopen:False,isclosed:True,baropen:492,dtopen:736335.1145833334,barclose:513,dtclose:736335.3333333334,barlen:21,historyon:False,history:[],status:2"
"ref:18,data:<__main__.dataFeed object at 0x0000024A510DC240>,tradeid:0,size:0,price:10.0,value:0.0,commission:0.0,pnl:-1.899999999999995,pnlcomm:-1.899999999999995,justopened:False,isopen:False,isclosed:True,baropen:515,dtopen:736335.3541666666,barclose:541,dtclose:736335.625,barlen:26,historyon:False,history:[],status:2"
"ref:19,data:<__main__.dataFeed object at 0x0000024A510DC240>,tradeid:0,size:0,price:9.993,value:0.0,commission:0.0,pnl:1.0299999999999976,pnlcomm:1.0299999999999976,justopened:False,isopen:False,isclosed:True,baropen:554,dtopen:736335.7604166666,barclose:567,dtclose:736335.8958333334,barlen:13,historyon:False,history:[],status:2"
"ref:20,data:<__main__.dataFeed object at 0x0000024A510DC240>,tradeid:0,size:0,price:10.061,value:0.0,commission:0.0,pnl:0.990000000000002,pnlcomm:0.990000000000002,justopened:False,isopen:False,isclosed:True,baropen:569,dtopen:736335.9166666666,barclose:574,dtclose:736335.96875,barlen:5,historyon:False,history:[],status:2"
"ref:21,data:<__main__.dataFeed object at 0x0000024A510DC240>,tradeid:0,size:0,price:9.91,value:0.0,commission:0.0,pnl:-2.6900000000000013,pnlcomm:-2.6900000000000013,justopened:False,isopen:False,isclosed:True,baropen:585,dtopen:736336.0833333334,barclose:613,dtclose:736336.375,barlen:28,historyon:False,history:[],status:2"
"ref:22,data:<__main__.dataFeed object at 0x0000024A510DC240>,tradeid:0,size:0,price:10.0,value:0.0,commission:0.0,pnl:1.1999999999999922,pnlcomm:1.1999999999999922,justopened:False,isopen:False,isclosed:True,baropen:628,dtopen:736336.53125,barclose:642,dtclose:736336.6770833334,barlen:14,historyon:False,history:[],status:2"
"ref:23,data:<__main__.dataFeed object at 0x0000024A510DC240>,tradeid:0,size:0,price:9.92,value:0.0,commission:0.0,pnl:-0.13999999999999346,pnlcomm:-0.13999999999999346,justopened:False,isopen:False,isclosed:True,baropen:653,dtopen:736336.7916666666,barclose:672,dtclose:736336.9895833334,barlen:19,historyon:False,history:[],status:2"
"ref:24,data:<__main__.dataFeed object at 0x0000024A510DC240>,tradeid:0,size:0,price:9.86,value:0.0,commission:0.0,pnl:0.34000000000000696,pnlcomm:0.34000000000000696,justopened:False,isopen:False,isclosed:True,baropen:679,dtopen:736337.0625,barclose:687,dtclose:736337.1458333334,barlen:8,historyon:False,history:[],status:2"
"ref:25,data:<__main__.dataFeed object at 0x0000024A510DC240>,tradeid:0,size:0,price:9.92,value:0.0,commission:0.0,pnl:1.6000000000000014,pnlcomm:1.6000000000000014,justopened:False,isopen:False,isclosed:True,baropen:704,dtopen:736337.3229166666,barclose:718,dtclose:736337.46875,barlen:14,historyon:False,history:[],status:2"
"ref:26,data:<__main__.dataFeed object at 0x0000024A510DC240>,tradeid:0,size:0,price:10.182,value:0.0,commission:0.0,pnl:1.1800000000000033,pnlcomm:1.1800000000000033,justopened:False,isopen:False,isclosed:True,baropen:738,dtopen:736337.6770833334,barclose:740,dtclose:736337.6979166666,barlen:2,historyon:False,history:[],status:2"
"ref:27,data:<__main__.dataFeed object at 0x0000024A510DC240>,tradeid:0,size:0,price:10.22,value:0.0,commission:0.0,pnl:0.2999999999999936,pnlcomm:0.2999999999999936,justopened:False,isopen:False,isclosed:True,baropen:742,dtopen:736337.71875,barclose:755,dtclose:736337.8541666666,barlen:13,historyon:False,history:[],status:2"
"ref:28,data:<__main__.dataFeed object at 0x0000024A510DC240>,tradeid:0,size:0,price:10.261,value:0.0,commission:0.0,pnl:0.5500000000000149,pnlcomm:0.5500000000000149,justopened:False,isopen:False,isclosed:True,baropen:768,dtopen:736337.9895833334,barclose:792,dtclose:736338.2395833334,barlen:24,historyon:False,history:[],status:2"
"ref:29,data:<__main__.dataFeed object at 0x0000024A510DC240>,tradeid:0,size:0,price:10.33,value:0.0,commission:0.0,pnl:0.8000000000000007,pnlcomm:0.8000000000000007,justopened:False,isopen:False,isclosed:True,baropen:796,dtopen:736338.28125,barclose:797,dtclose:736338.2916666666,barlen:1,historyon:False,history:[],status:2"
"ref:30,data:<__main__.dataFeed object at 0x0000024A510DC240>,tradeid:0,size:0,price:10.32,value:0.0,commission:0.0,pnl:2.859999999999996,pnlcomm:2.859999999999996,justopened:False,isopen:False,isclosed:True,baropen:802,dtopen:736338.34375,barclose:807,dtclose:736338.3958333334,barlen:5,historyon:False,history:[],status:2"
"ref:31,data:<__main__.dataFeed object at 0x0000024A510DC240>,tradeid:0,size:0,price:10.6,value:0.0,commission:0.0,pnl:1.6000000000000014,pnlcomm:1.6000000000000014,justopened:False,isopen:False,isclosed:True,baropen:818,dtopen:736338.5104166666,barclose:827,dtclose:736338.6041666666,barlen:9,historyon:False,history:[],status:2"
"ref:32,data:<__main__.dataFeed object at 0x0000024A510DC240>,tradeid:0,size:0,price:10.671,value:0.0,commission:0.0,pnl:-1.9599999999999973,pnlcomm:-1.9599999999999973,justopened:False,isopen:False,isclosed:True,baropen:834,dtopen:736338.6770833334,barclose:869,dtclose:736339.0416666666,barlen:35,historyon:False,history:[],status:2"
"ref:33,data:<__main__.dataFeed object at 0x0000024A510DC240>,tradeid:0,size:0,price:10.422,value:0.0,commission:0.0,pnl:-0.40000000000000924,pnlcomm:-0.40000000000000924,justopened:False,isopen:False,isclosed:True,baropen:880,dtopen:736339.15625,barclose:913,dtclose:736339.5,barlen:33,historyon:False,history:[],status:2"
"ref:34,data:<__main__.dataFeed object at 0x0000024A510DC240>,tradeid:0,size:0,price:10.492,value:0.0,commission:0.0,pnl:1.9799999999999862,pnlcomm:1.9799999999999862,justopened:False,isopen:False,isclosed:True,baropen:926,dtopen:736339.6354166666,barclose:943,dtclose:736339.8125,barlen:17,historyon:False,history:[],status:2"
"ref:35,data:<__main__.dataFeed object at 0x0000024A510DC240>,tradeid:0,size:0,price:10.65,value:0.0,commission:0.0,pnl:-0.30000000000001137,pnlcomm:-0.30000000000001137,justopened:False,isopen:False,isclosed:True,baropen:956,dtopen:736339.9479166666,barclose:974,dtclose:736340.1354166666,barlen:18,historyon:False,history:[],status:2"
"ref:36,data:<__main__.dataFeed object at 0x0000024A510DC240>,tradeid:0,size:0,price:10.58,value:0.0,commission:0.0,pnl:0.8999999999999986,pnlcomm:0.8999999999999986,justopened:False,isopen:False,isclosed:True,baropen:976,dtopen:736340.15625,barclose:983,dtclose:736340.2291666666,barlen:7,historyon:False,history:[],status:2"
"ref:37,data:<__main__.dataFeed object at 0x0000024A510DC240>,tradeid:0,size:0,price:10.589,value:0.0,commission:0.0,pnl:-7.040000000000006,pnlcomm:-7.040000000000006,justopened:False,isopen:False,isclosed:True,baropen:988,dtopen:736340.28125,barclose:1029,dtclose:736340.7083333334,barlen:41,historyon:False,history:[],status:2"
"ref:38,data:<__main__.dataFeed object at 0x0000024A510DC240>,tradeid:0,size:0,price:9.55,value:0.0,commission:0.0,pnl:1.529999999999987,pnlcomm:1.529999999999987,justopened:False,isopen:False,isclosed:True,baropen:1030,dtopen:736340.71875,barclose:1043,dtclose:736340.8541666666,barlen:13,historyon:False,history:[],status:2"
"ref:39,data:<__main__.dataFeed object at 0x0000024A510DC240>,tradeid:0,size:0,price:9.69,value:0.0,commission:0.0,pnl:-0.16000000000000014,pnlcomm:-0.16000000000000014,justopened:False,isopen:False,isclosed:True,baropen:1051,dtopen:736340.9375,barclose:1056,dtclose:736340.9895833334,barlen:5,historyon:False,history:[],status:2"
"ref:40,data:<__main__.dataFeed object at 0x0000024A510DC240>,tradeid:0,size:0,price:9.59,value:0.0,commission:0.0,pnl:-2.0199999999999996,pnlcomm:-2.0199999999999996,justopened:False,isopen:False,isclosed:True,baropen:1061,dtopen:736341.0416666666,barclose:1109,dtclose:736341.5416666666,barlen:48,historyon:False,history:[],status:2"
"ref:41,data:<__main__.dataFeed object at 0x0000024A510DC240>,tradeid:0,size:0,price:9.802,value:0.0,commission:0.0,pnl:-0.6599999999999895,pnlcomm:-0.6599999999999895,justopened:False,isopen:False,isclosed:True,baropen:1148,dtopen:736341.9479166666,barclose:1164,dtclose:736342.1145833334,barlen:16,historyon:False,history:[],status:2"
"ref:42,data:<__main__.dataFeed object at 0x0000024A510DC240>,tradeid:0,size:0,price:9.6,value:0.0,commission:0.0,pnl:0.41999999999999815,pnlcomm:0.41999999999999815,justopened:False,isopen:False,isclosed:True,baropen:1167,dtopen:736342.1458333334,barclose:1200,dtclose:736342.4895833334,barlen:33,historyon:False,history:[],status:2"
"ref:43,data:<__main__.dataFeed object at 0x0000024A510DC240>,tradeid:0,size:0,price:9.558,value:0.0,commission:0.0,pnl:0.8900000000000041,pnlcomm:0.8900000000000041,justopened:False,isopen:False,isclosed:True,baropen:1204,dtopen:736342.53125,barclose:1213,dtclose:736342.625,barlen:9,historyon:False,history:[],status:2"
"ref:44,data:<__main__.dataFeed object at 0x0000024A510DC240>,tradeid:0,size:0,price:9.556,value:0.0,commission:0.0,pnl:0.44000000000000483,pnlcomm:0.44000000000000483,justopened:False,isopen:False,isclosed:True,baropen:1217,dtopen:736342.6666666666,barclose:1228,dtclose:736342.78125,barlen:11,historyon:False,history:[],status:2"
"ref:45,data:<__main__.dataFeed object at 0x0000024A510DC240>,tradeid:0,size:0,price:9.504,value:0.0,commission:0.0,pnl:1.9599999999999973,pnlcomm:1.9599999999999973,justopened:False,isopen:False,isclosed:True,baropen:1229,dtopen:736342.7916666666,barclose:1240,dtclose:736342.90625,barlen:11,historyon:False,history:[],status:2"
"ref:46,data:<__main__.dataFeed object at 0x0000024A510DC240>,tradeid:0,size:0,price:9.69,value:0.0,commission:0.0,pnl:-0.3999999999999915,pnlcomm:-0.3999999999999915,justopened:False,isopen:False,isclosed:True,baropen:1250,dtopen:736343.0104166666,barclose:1255,dtclose:736343.0625,barlen:5,historyon:False,history:[],status:2"
"ref:47,data:<__main__.dataFeed object at 0x0000024A510DC240>,tradeid:0,size:0,price:9.6,value:0.0,commission:0.0,pnl:-0.16000000000000014,pnlcomm:-0.16000000000000014,justopened:False,isopen:False,isclosed:True,baropen:1260,dtopen:736343.1145833334,barclose:1288,dtclose:736343.40625,barlen:28,historyon:False,history:[],status:2"
"ref:48,data:<__main__.dataFeed object at 0x0000024A510DC240>,tradeid:0,size:0,price:9.608,value:0.0,commission:0.0,pnl:0.22999999999999687,pnlcomm:0.22999999999999687,justopened:False,isopen:False,isclosed:True,baropen:1303,dtopen:736343.5625,barclose:1317,dtclose:736343.7083333334,barlen:14,historyon:False,history:[],status:2"
"ref:49,data:<__main__.dataFeed object at 0x0000024A510DC240>,tradeid:0,size:0,price:9.631,value:0.0,commission:0.0,pnl:0.8799999999999919,pnlcomm:0.8799999999999919,justopened:False,isopen:False,isclosed:True,baropen:1343,dtopen:736343.9791666666,barclose:1353,dtclose:736344.0833333334,barlen:10,historyon:False,history:[],status:2"
"ref:50,data:<__main__.dataFeed object at 0x0000024A510DC240>,tradeid:0,size:0,price:9.745,value:0.0,commission:0.0,pnl:0.25000000000000355,pnlcomm:0.25000000000000355,justopened:False,isopen:False,isclosed:True,baropen:1367,dtopen:736344.2291666666,barclose:1387,dtclose:736344.4375,barlen:20,historyon:False,history:[],status:2"
"ref:51,data:<__main__.dataFeed object at 0x0000024A510DC240>,tradeid:0,size:0,price:9.764,value:0.0,commission:0.0,pnl:-0.7099999999999973,pnlcomm:-0.7099999999999973,justopened:False,isopen:False,isclosed:True,baropen:1404,dtopen:736344.6145833334,barclose:1422,dtclose:736344.8020833334,barlen:18,historyon:False,history:[],status:2"
"ref:52,data:<__main__.dataFeed object at 0x0000024A510DC240>,tradeid:0,size:0,price:9.69,value:0.0,commission:0.0,pnl:0.17000000000001236,pnlcomm:0.17000000000001236,justopened:False,isopen:False,isclosed:True,baropen:1423,dtopen:736344.8125,barclose:1437,dtclose:736344.9583333334,barlen:14,historyon:False,history:[],status:2"
"ref:53,data:<__main__.dataFeed object at 0x0000024A510DC240>,tradeid:0,size:0,price:9.667,value:0.0,commission:0.0,pnl:0.2999999999999936,pnlcomm:0.2999999999999936,justopened:False,isopen:False,isclosed:True,baropen:1443,dtopen:736345.0208333334,barclose:1485,dtclose:736345.4583333334,barlen:42,historyon:False,history:[],status:2"
"ref:54,data:<__main__.dataFeed object at 0x0000024A510DC240>,tradeid:0,size:0,price:9.602,value:0.0,commission:0.0,pnl:0.9799999999999898,pnlcomm:0.9799999999999898,justopened:False,isopen:False,isclosed:True,baropen:1489,dtopen:736345.5,barclose:1550,dtclose:736346.1354166666,barlen:61,historyon:False,history:[],status:2"
"ref:55,data:<__main__.dataFeed object at 0x0000024A510DC240>,tradeid:0,size:0,price:9.74,value:0.0,commission:0.0,pnl:1.5000000000000036,pnlcomm:1.5000000000000036,justopened:False,isopen:False,isclosed:True,baropen:1565,dtopen:736346.2916666666,barclose:1568,dtclose:736346.3229166666,barlen:3,historyon:False,history:[],status:2"
"ref:56,data:<__main__.dataFeed object at 0x0000024A510DC240>,tradeid:0,size:0,price:9.821,value:0.0,commission:0.0,pnl:1.7900000000000027,pnlcomm:1.7900000000000027,justopened:False,isopen:False,isclosed:True,baropen:1579,dtopen:736346.4375,barclose:1588,dtclose:736346.53125,barlen:9,historyon:False,history:[],status:2"
"ref:57,data:<__main__.dataFeed object at 0x0000024A510DC240>,tradeid:0,size:0,price:10.329,value:0.0,commission:0.0,pnl:1.0999999999999943,pnlcomm:1.0999999999999943,justopened:False,isopen:False,isclosed:True,baropen:1625,dtopen:736346.9166666666,barclose:1639,dtclose:736347.0625,barlen:14,historyon:False,history:[],status:2"
"ref:58,data:<__main__.dataFeed object at 0x0000024A510DC240>,tradeid:0,size:0,price:10.12,value:0.0,commission:0.0,pnl:0.8900000000000041,pnlcomm:0.8900000000000041,justopened:False,isopen:False,isclosed:True,baropen:1642,dtopen:736347.09375,barclose:1651,dtclose:736347.1875,barlen:9,historyon:False,history:[],status:2"
"ref:59,data:<__main__.dataFeed object at 0x0000024A510DC240>,tradeid:0,size:0,price:10.222,value:0.0,commission:0.0,pnl:0.7800000000000118,pnlcomm:0.7800000000000118,justopened:False,isopen:False,isclosed:True,baropen:1661,dtopen:736347.2916666666,barclose:1677,dtclose:736347.4583333334,barlen:16,historyon:False,history:[],status:2"
"ref:60,data:<__main__.dataFeed object at 0x0000024A510DC240>,tradeid:0,size:0,price:10.199,value:0.0,commission:0.0,pnl:0.25000000000000355,pnlcomm:0.25000000000000355,justopened:False,isopen:False,isclosed:True,baropen:1686,dtopen:736347.5520833334,barclose:1699,dtclose:736347.6875,barlen:13,historyon:False,history:[],status:2"
"ref:61,data:<__main__.dataFeed object at 0x0000024A510DC240>,tradeid:0,size:0,price:10.168,value:0.0,commission:0.0,pnl:-0.019999999999988916,pnlcomm:-0.019999999999988916,justopened:False,isopen:False,isclosed:True,baropen:1709,dtopen:736347.7916666666,barclose:1725,dtclose:736347.9583333334,barlen:16,historyon:False,history:[],status:2"
"ref:62,data:<__main__.dataFeed object at 0x0000024A510DC240>,tradeid:0,size:0,price:10.2,value:0.0,commission:0.0,pnl:0.28999999999999915,pnlcomm:0.28999999999999915,justopened:False,isopen:False,isclosed:True,baropen:1742,dtopen:736348.1354166666,barclose:1796,dtclose:736348.6979166666,barlen:54,historyon:False,history:[],status:2"
"ref:63,data:<__main__.dataFeed object at 0x0000024A510DC240>,tradeid:0,size:0,price:10.372,value:0.0,commission:0.0,pnl:1.1899999999999977,pnlcomm:1.1899999999999977,justopened:False,isopen:False,isclosed:True,baropen:1814,dtopen:736348.8854166666,barclose:1844,dtclose:736349.1979166666,barlen:30,historyon:False,history:[],status:2"
"ref:64,data:<__main__.dataFeed object at 0x0000024A510DC240>,tradeid:0,size:0,price:10.61,value:0.0,commission:0.0,pnl:-0.19999999999999574,pnlcomm:-0.19999999999999574,justopened:False,isopen:False,isclosed:True,baropen:1865,dtopen:736349.4166666666,barclose:1883,dtclose:736349.6041666666,barlen:18,historyon:False,history:[],status:2"
"ref:65,data:<__main__.dataFeed object at 0x0000024A510DC240>,tradeid:0,size:0,price:10.59,value:0.0,commission:0.0,pnl:0.06999999999999673,pnlcomm:0.06999999999999673,justopened:False,isopen:False,isclosed:True,baropen:1898,dtopen:736349.7604166666,barclose:1925,dtclose:736350.0416666666,barlen:27,historyon:False,history:[],status:2"
"ref:66,data:<__main__.dataFeed object at 0x0000024A510DC240>,tradeid:0,size:0,price:10.611,value:0.0,commission:0.0,pnl:0.8599999999999852,pnlcomm:0.8599999999999852,justopened:False,isopen:False,isclosed:True,baropen:1937,dtopen:736350.1666666666,barclose:1960,dtclose:736350.40625,barlen:23,historyon:False,history:[],status:2"
"ref:67,data:<__main__.dataFeed object at 0x0000024A510DC240>,tradeid:0,size:0,price:10.834,value:0.0,commission:0.0,pnl:1.0599999999999987,pnlcomm:1.0599999999999987,justopened:False,isopen:False,isclosed:True,baropen:1989,dtopen:736350.7083333334,barclose:1995,dtclose:736350.7708333334,barlen:6,historyon:False,history:[],status:2"
"ref:68,data:<__main__.dataFeed object at 0x0000024A510DC240>,tradeid:0,size:0,price:10.912,value:0.0,commission:0.0,pnl:-0.16000000000000014,pnlcomm:-0.16000000000000014,justopened:False,isopen:False,isclosed:True,baropen:1998,dtopen:736350.8020833334,barclose:2000,dtclose:736350.8229166666,barlen:2,historyon:False,history:[],status:2"
"ref:69,data:<__main__.dataFeed object at 0x0000024A510DC240>,tradeid:0,size:0,price:10.93,value:0.0,commission:0.0,pnl:-1.9899999999999984,pnlcomm:-1.9899999999999984,justopened:False,isopen:False,isclosed:True,baropen:2017,dtopen:736351.0,barclose:2085,dtclose:736351.7083333334,barlen:68,historyon:False,history:[],status:2"
"ref:70,data:<__main__.dataFeed object at 0x0000024A510DC240>,tradeid:0,size:0,price:10.716,value:0.0,commission:0.0,pnl:0.8400000000000141,pnlcomm:0.8400000000000141,justopened:False,isopen:False,isclosed:True,baropen:2095,dtopen:736351.8125,barclose:2106,dtclose:736351.9270833334,barlen:11,historyon:False,history:[],status:2"
"ref:71,data:<__main__.dataFeed object at 0x0000024A510DC240>,tradeid:0,size:0,price:10.686,value:0.0,commission:0.0,pnl:0.21000000000000796,pnlcomm:0.21000000000000796,justopened:False,isopen:False,isclosed:True,baropen:2111,dtopen:736351.9791666666,barclose:2139,dtclose:736352.2708333334,barlen:28,historyon:False,history:[],status:2"
"ref:72,data:<__main__.dataFeed object at 0x0000024A510DC240>,tradeid:0,size:0,price:10.725,value:0.0,commission:0.0,pnl:0.0,pnlcomm:0.0,justopened:False,isopen:False,isclosed:True,baropen:2140,dtopen:736352.28125,barclose:2141,dtclose:736352.2916666666,barlen:1,historyon:False,history:[],status:2"
"ref:73,data:<__main__.dataFeed object at 0x0000024A510DC240>,tradeid:0,size:0,price:10.738,value:0.0,commission:0.0,pnl:0.7900000000000063,pnlcomm:0.7900000000000063,justopened:False,isopen:False,isclosed:True,baropen:2156,dtopen:736352.4479166666,barclose:2164,dtclose:736352.53125,barlen:8,historyon:False,history:[],status:2"
"ref:74,data:<__main__.dataFeed object at 0x0000024A510DC240>,tradeid:0,size:0,price:10.759,value:0.0,commission:0.0,pnl:-0.6400000000000006,pnlcomm:-0.6400000000000006,justopened:False,isopen:False,isclosed:True,baropen:2169,dtopen:736352.5833333334,barclose:2193,dtclose:736352.8333333334,barlen:24,historyon:False,history:[],status:2"
"ref:75,data:<__main__.dataFeed object at 0x0000024A510DC240>,tradeid:0,size:0,price:10.69,value:0.0,commission:0.0,pnl:0.389999999999997,pnlcomm:0.389999999999997,justopened:False,isopen:False,isclosed:True,baropen:2195,dtopen:736352.8541666666,barclose:2206,dtclose:736352.96875,barlen:11,historyon:False,history:[],status:2"
"ref:76,data:<__main__.dataFeed object at 0x0000024A510DC240>,tradeid:0,size:0,price:10.63,value:0.0,commission:0.0,pnl:0.10999999999999233,pnlcomm:0.10999999999999233,justopened:False,isopen:False,isclosed:True,baropen:2210,dtopen:736353.0104166666,barclose:2252,dtclose:736353.4479166666,barlen:42,historyon:False,history:[],status:2"
"ref:77,data:<__main__.dataFeed object at 0x0000024A510DC240>,tradeid:0,size:0,price:10.542,value:0.0,commission:0.0,pnl:0.19999999999999574,pnlcomm:0.19999999999999574,justopened:False,isopen:False,isclosed:True,baropen:2253,dtopen:736353.4583333334,barclose:2264,dtclose:736353.5729166666,barlen:11,historyon:False,history:[],status:2"
"ref:78,data:<__main__.dataFeed object at 0x0000024A510DC240>,tradeid:0,size:0,price:10.52,value:0.0,commission:0.0,pnl:1.1899999999999977,pnlcomm:1.1899999999999977,justopened:False,isopen:False,isclosed:True,baropen:2269,dtopen:736353.625,barclose:2279,dtclose:736353.7291666666,barlen:10,historyon:False,history:[],status:2"
"ref:79,data:<__main__.dataFeed object at 0x0000024A510DC240>,tradeid:0,size:0,price:10.57,value:0.0,commission:0.0,pnl:-0.9999999999999964,pnlcomm:-0.9999999999999964,justopened:False,isopen:False,isclosed:True,baropen:2286,dtopen:736353.8020833334,barclose:2372,dtclose:736354.6979166666,barlen:86,historyon:False,history:[],status:2"
"ref:80,data:<__main__.dataFeed object at 0x0000024A510DC240>,tradeid:0,size:0,price:10.442,value:0.0,commission:0.0,pnl:0.909999999999993,pnlcomm:0.909999999999993,justopened:False,isopen:False,isclosed:True,baropen:2395,dtopen:736354.9375,barclose:2411,dtclose:736355.1041666666,barlen:16,historyon:False,history:[],status:2"
"ref:81,data:<__main__.dataFeed object at 0x0000024A510DC240>,tradeid:0,size:0,price:10.47,value:0.0,commission:0.0,pnl:0.3399999999999892,pnlcomm:0.3399999999999892,justopened:False,isopen:False,isclosed:True,baropen:2424,dtopen:736355.2395833334,barclose:2438,dtclose:736355.3854166666,barlen:14,historyon:False,history:[],status:2"
"ref:82,data:<__main__.dataFeed object at 0x0000024A510DC240>,tradeid:0,size:0,price:10.505,value:0.0,commission:0.0,pnl:0.7299999999999862,pnlcomm:0.7299999999999862,justopened:False,isopen:False,isclosed:True,baropen:2452,dtopen:736355.53125,barclose:2489,dtclose:736355.9166666666,barlen:37,historyon:False,history:[],status:2"
"ref:83,data:<__main__.dataFeed object at 0x0000024A510DC240>,tradeid:0,size:0,price:10.579,value:0.0,commission:0.0,pnl:-1.750000000000007,pnlcomm:-1.750000000000007,justopened:False,isopen:False,isclosed:True,baropen:2500,dtopen:736356.03125,barclose:2527,dtclose:736356.3125,barlen:27,historyon:False,history:[],status:2"
"ref:84,data:<__main__.dataFeed object at 0x0000024A510DC240>,tradeid:0,size:0,price:10.401,value:0.0,commission:0.0,pnl:0.4899999999999949,pnlcomm:0.4899999999999949,justopened:False,isopen:False,isclosed:True,baropen:2528,dtopen:736356.3229166666,barclose:2529,dtclose:736356.3333333334,barlen:1,historyon:False,history:[],status:2"
"ref:85,data:<__main__.dataFeed object at 0x0000024A510DC240>,tradeid:0,size:0,price:10.455,value:0.0,commission:0.0,pnl:-0.25000000000000355,pnlcomm:-0.25000000000000355,justopened:False,isopen:False,isclosed:True,baropen:2540,dtopen:736356.4479166666,barclose:2551,dtclose:736356.5625,barlen:11,historyon:False,history:[],status:2"
"ref:86,data:<__main__.dataFeed object at 0x0000024A510DC240>,tradeid:0,size:0,price:10.43,value:0.0,commission:0.0,pnl:0.050000000000007816,pnlcomm:0.050000000000007816,justopened:False,isopen:False,isclosed:True,baropen:2555,dtopen:736356.6041666666,barclose:2574,dtclose:736356.8020833334,barlen:19,historyon:False,history:[],status:2"
"ref:87,data:<__main__.dataFeed object at 0x0000024A510DC240>,tradeid:0,size:0,price:10.454,value:0.0,commission:0.0,pnl:0.259999999999998,pnlcomm:0.259999999999998,justopened:False,isopen:False,isclosed:True,baropen:2576,dtopen:736356.8229166666,barclose:2581,dtclose:736356.875,barlen:5,historyon:False,history:[],status:2"
"ref:88,data:<__main__.dataFeed object at 0x0000024A510DC240>,tradeid:0,size:0,price:10.445,value:0.0,commission:0.0,pnl:0.019999999999988916,pnlcomm:0.019999999999988916,justopened:False,isopen:False,isclosed:True,baropen:2585,dtopen:736356.9166666666,barclose:2608,dtclose:736357.15625,barlen:23,historyon:False,history:[],status:2"
"ref:89,data:<__main__.dataFeed object at 0x0000024A510DC240>,tradeid:0,size:0,price:10.53,value:0.0,commission:0.0,pnl:-0.08999999999998565,pnlcomm:-0.08999999999998565,justopened:False,isopen:False,isclosed:True,baropen:2637,dtopen:736357.4583333334,barclose:2647,dtclose:736357.5625,barlen:10,historyon:False,history:[],status:2"
"ref:90,data:<__main__.dataFeed object at 0x0000024A510DC240>,tradeid:0,size:0,price:10.472,value:0.0,commission:0.0,pnl:-0.2799999999999869,pnlcomm:-0.2799999999999869,justopened:False,isopen:False,isclosed:True,baropen:2650,dtopen:736357.59375,barclose:2673,dtclose:736357.8333333334,barlen:23,historyon:False,history:[],status:2"
"ref:91,data:<__main__.dataFeed object at 0x0000024A510DC240>,tradeid:0,size:0,price:10.5,value:0.0,commission:0.0,pnl:-0.030000000000001137,pnlcomm:-0.030000000000001137,justopened:False,isopen:False,isclosed:True,baropen:2697,dtopen:736358.0833333334,barclose:2704,dtclose:736358.15625,barlen:7,historyon:False,history:[],status:2"
"ref:92,data:<__main__.dataFeed object at 0x0000024A510DC240>,tradeid:0,size:0,price:10.45,value:0.0,commission:0.0,pnl:-0.3999999999999915,pnlcomm:-0.3999999999999915,justopened:False,isopen:False,isclosed:True,baropen:2720,dtopen:736358.3229166666,barclose:2785,dtclose:736359.0,barlen:65,historyon:False,history:[],status:2"
"ref:93,data:<__main__.dataFeed object at 0x0000024A510DC240>,tradeid:0,size:0,price:10.4,value:0.0,commission:0.0,pnl:0.4899999999999949,pnlcomm:0.4899999999999949,justopened:False,isopen:False,isclosed:True,baropen:2790,dtopen:736359.0520833334,barclose:2815,dtclose:736359.3125,barlen:25,historyon:False,history:[],status:2"
"ref:94,data:<__main__.dataFeed object at 0x0000024A510DC240>,tradeid:0,size:0,price:10.386,value:0.0,commission:0.0,pnl:0.6400000000000006,pnlcomm:0.6400000000000006,justopened:False,isopen:False,isclosed:True,baropen:2817,dtopen:736359.3333333334,barclose:2828,dtclose:736359.4479166666,barlen:11,historyon:False,history:[],status:2"
"ref:95,data:<__main__.dataFeed object at 0x0000024A510DC240>,tradeid:0,size:0,price:10.416,value:0.0,commission:0.0,pnl:0.8699999999999974,pnlcomm:0.8699999999999974,justopened:False,isopen:False,isclosed:True,baropen:2834,dtopen:736359.5104166666,barclose:2855,dtclose:736359.7291666666,barlen:21,historyon:False,history:[],status:2"
"ref:96,data:<__main__.dataFeed object at 0x0000024A510DC240>,tradeid:0,size:10,price:10.52,value:105.19999999999999,commission:0.0,pnl:0.0,pnlcomm:0.0,justopened:True,isopen:True,isclosed:False,baropen:2878,dtopen:736359.96875,barclose:0,dtclose:0.0,barlen:0,historyon:False,history:[],status:1"
